prior_id,prior_name,destination_id,destination_name,year,module_index
101,Narita_airport,0,Hokkaido,2015,0
0,Hokkaido,0,Hokkaido,2015,0
0,Hokkaido,16,Ishikawa,2015,1
0,Hokkaido,11,Chiba,2015,0
0,Hokkaido,12,Tokyo,2015,0
12,Tokyo,12,Tokyo,2015,1
0,Hokkaido,18,Yamanashi,2015,1
18,Yamanashi,12,Tokyo,2015,1
11,Chiba,11,Chiba,2015,1
11,Chiba,19,Nagano,2015,1
19,Nagano,12,Tokyo,2015,1
0,Hokkaido,13,Kanagawa,2015,1
13,Kanagawa,12,Tokyo,2015,1
0,Hokkaido,26,Osaka,2015,0
26,Osaka,26,Osaka,2015,1
26,Osaka,25,Kyoto,2015,1
25,Kyoto,12,Tokyo,2015,1
0,Hokkaido,3,Miyagi,2015,3
3,Miyagi,10,Saitama,2015,3
11,Chiba,12,Tokyo,2015,1
12,Tokyo,11,Chiba,2015,1
16,Ishikawa,33,Hiroshima,2015,1
33,Hiroshima,12,Tokyo,2015,1
0,Hokkaido,1,Aomori,2015,3
1,Aomori,25,Kyoto,2015,1
25,Kyoto,26,Osaka,2015,1
26,Osaka,28,Nara,2015,1
28,Nara,22,Aichi,2015,1
0,Hokkaido,21,Shizuoka,2015,1
21,Shizuoka,11,Chiba,2015,1
26,Osaka,12,Tokyo,2015,1
26,Osaka,21,Shizuoka,2015,1
21,Shizuoka,12,Tokyo,2015,1
12,Tokyo,18,Yamanashi,2015,1
25,Kyoto,21,Shizuoka,2015,1
21,Shizuoka,13,Kanagawa,2015,1
12,Tokyo,26,Osaka,2015,1
25,Kyoto,33,Hiroshima,2015,1
33,Hiroshima,41,Nagasaki,2015,1
41,Nagasaki,0,Hokkaido,2015,0
0,Hokkaido,2,Iwate,2015,3
2,Iwate,20,Gihu,2015,1
20,Gihu,8,Tochigi,2015,1
8,Tochigi,27,Hyogo,2015,1
12,Tokyo,33,Hiroshima,2015,1
33,Hiroshima,26,Osaka,2015,1
18,Yamanashi,21,Shizuoka,2015,1
18,Yamanashi,26,Osaka,2015,1
26,Osaka,11,Chiba,2015,1
1,Aomori,12,Tokyo,2015,3
1,Aomori,13,Kanagawa,2015,3
0,Hokkaido,22,Aichi,2015,0
22,Aichi,32,Okayama,2015,1
0,Hokkaido,25,Kyoto,2015,1
26,Osaka,22,Aichi,2015,1
22,Aichi,18,Yamanashi,2015,1
18,Yamanashi,13,Kanagawa,2015,1
22,Aichi,21,Shizuoka,2015,1
12,Tokyo,0,Hokkaido,2015,0
25,Kyoto,22,Aichi,2015,1
22,Aichi,13,Kanagawa,2015,1
13,Kanagawa,11,Chiba,2015,1
18,Yamanashi,11,Chiba,2015,1
0,Hokkaido,37,Ehime,2015,4
37,Ehime,12,Tokyo,2015,4
12,Tokyo,13,Kanagawa,2015,1
12,Tokyo,16,Ishikawa,2015,1
16,Ishikawa,12,Tokyo,2015,1
16,Ishikawa,25,Kyoto,2015,1
25,Kyoto,43,Oita,2015,5
43,Oita,39,Fukuoka,2015,5
12,Tokyo,25,Kyoto,2015,1
25,Kyoto,39,Fukuoka,2015,5
12,Tokyo,32,Okayama,2015,1
32,Okayama,0,Hokkaido,2015,0
12,Tokyo,39,Fukuoka,2015,5
0,Hokkaido,15,Toyama,2015,0
15,Toyama,0,Hokkaido,2015,0
18,Yamanashi,18,Yamanashi,2015,1
18,Yamanashi,33,Hiroshima,2015,1
41,Nagasaki,11,Chiba,2015,1
1,Aomori,3,Miyagi,2015,3
21,Shizuoka,0,Hokkaido,2015,0
25,Kyoto,24,Shiga,2015,1
24,Shiga,0,Hokkaido,2015,0
12,Tokyo,21,Shizuoka,2015,1
25,Kyoto,27,Hyogo,2015,1
27,Hyogo,12,Tokyo,2015,1
0,Hokkaido,28,Nara,2015,1
28,Nara,25,Kyoto,2015,1
3,Miyagi,12,Tokyo,2015,3
3,Miyagi,5,Yamagata,2015,3
5,Yamagata,11,Chiba,2015,3
3,Miyagi,8,Tochigi,2015,3
8,Tochigi,12,Tokyo,2015,1
0,Hokkaido,39,Fukuoka,2015,5
0,Hokkaido,4,Akita,2015,3
4,Akita,12,Tokyo,2015,3
0,Hokkaido,6,Fukushima,2015,6
6,Fukushima,37,Ehime,2015,6
37,Ehime,39,Fukuoka,2015,5
39,Fukuoka,30,Tottori,2015,7
30,Tottori,1,Aomori,2015,7
0,Hokkaido,8,Tochigi,2015,1
8,Tochigi,19,Nagano,2015,1
101,Narita_airport,9,Gunma,2015,1
9,Gunma,9,Gunma,2015,1
9,Gunma,12,Tokyo,2015,1
9,Gunma,10,Saitama,2015,1
10,Saitama,12,Tokyo,2015,1
10,Saitama,8,Tochigi,2015,1
9,Gunma,11,Chiba,2015,1
11,Chiba,13,Kanagawa,2015,1
9,Gunma,16,Ishikawa,2015,1
16,Ishikawa,18,Yamanashi,2015,1
9,Gunma,18,Yamanashi,2015,1
9,Gunma,19,Nagano,2015,1
9,Gunma,21,Shizuoka,2015,1
9,Gunma,25,Kyoto,2015,1
9,Gunma,6,Fukushima,2015,1
9,Gunma,8,Tochigi,2015,1
8,Tochigi,9,Gunma,2015,1
21,Shizuoka,9,Gunma,2015,1
8,Tochigi,8,Tochigi,2015,1
8,Tochigi,6,Fukushima,2015,3
6,Fukushima,12,Tokyo,2015,3
12,Tokyo,9,Gunma,2015,1
101,Narita_airport,10,Saitama,2015,1
10,Saitama,0,Hokkaido,2015,0
10,Saitama,9,Gunma,2015,1
10,Saitama,10,Saitama,2015,1
10,Saitama,11,Chiba,2015,1
11,Chiba,10,Saitama,2015,1
13,Kanagawa,13,Kanagawa,2015,1
11,Chiba,14,Niigata,2015,1
11,Chiba,8,Tochigi,2015,1
8,Tochigi,11,Chiba,2015,1
12,Tokyo,8,Tochigi,2015,1
11,Chiba,18,Yamanashi,2015,1
12,Tokyo,23,Mie,2015,1
12,Tokyo,7,Ibaraki,2015,1
13,Kanagawa,18,Yamanashi,2015,1
12,Tokyo,14,Niigata,2015,1
12,Tokyo,22,Aichi,2015,1
12,Tokyo,28,Nara,2015,1
25,Kyoto,32,Okayama,2015,1
32,Okayama,33,Hiroshima,2015,1
41,Nagasaki,26,Osaka,2015,1
12,Tokyo,3,Miyagi,2015,3
3,Miyagi,19,Nagano,2015,3
19,Nagano,11,Chiba,2015,1
10,Saitama,13,Kanagawa,2015,1
13,Kanagawa,10,Saitama,2015,1
10,Saitama,14,Niigata,2015,1
10,Saitama,15,Toyama,2015,1
10,Saitama,18,Yamanashi,2015,1
10,Saitama,19,Nagano,2015,1
10,Saitama,21,Shizuoka,2015,1
10,Saitama,22,Aichi,2015,1
22,Aichi,27,Hyogo,2015,1
10,Saitama,25,Kyoto,2015,1
26,Osaka,10,Saitama,2015,1
26,Osaka,33,Hiroshima,2015,1
33,Hiroshima,10,Saitama,2015,1
33,Hiroshima,20,Gihu,2015,1
20,Gihu,12,Tokyo,2015,1
25,Kyoto,41,Nagasaki,2015,1
26,Osaka,16,Ishikawa,2015,1
10,Saitama,26,Osaka,2015,1
10,Saitama,3,Miyagi,2015,3
19,Nagano,1,Aomori,2015,3
10,Saitama,39,Fukuoka,2015,5
39,Fukuoka,13,Kanagawa,2015,5
13,Kanagawa,16,Ishikawa,2015,1
10,Saitama,42,Kumamoto,2015,1
10,Saitama,46,Okinawa,2015,1
46,Okinawa,10,Saitama,2015,1
10,Saitama,6,Fukushima,2015,3
6,Fukushima,25,Kyoto,2015,1
10,Saitama,7,Ibaraki,2015,1
7,Ibaraki,11,Chiba,2015,1
7,Ibaraki,12,Tokyo,2015,1
12,Tokyo,10,Saitama,2015,1
8,Tochigi,10,Saitama,2015,1
8,Tochigi,18,Yamanashi,2015,1
101,Narita_airport,11,Chiba,2015,1
11,Chiba,0,Hokkaido,2015,0
11,Chiba,9,Gunma,2015,1
21,Shizuoka,25,Kyoto,2015,1
22,Aichi,12,Tokyo,2015,1
1,Aomori,4,Akita,2015,3
4,Akita,14,Niigata,2015,3
14,Niigata,19,Nagano,2015,1
19,Nagano,20,Gihu,2015,1
20,Gihu,25,Kyoto,2015,1
33,Hiroshima,39,Fukuoka,2015,5
39,Fukuoka,41,Nagasaki,2015,5
11,Chiba,25,Kyoto,2015,1
25,Kyoto,11,Chiba,2015,1
18,Yamanashi,25,Kyoto,2015,1
13,Kanagawa,26,Osaka,2015,1
13,Kanagawa,19,Nagano,2015,1
13,Kanagawa,22,Aichi,2015,1
18,Yamanashi,20,Gihu,2015,1
20,Gihu,26,Osaka,2015,1
11,Chiba,21,Shizuoka,2015,1
21,Shizuoka,21,Shizuoka,2015,1
21,Shizuoka,22,Aichi,2015,1
22,Aichi,25,Kyoto,2015,1
26,Osaka,27,Hyogo,2015,1
26,Osaka,39,Fukuoka,2015,5
11,Chiba,26,Osaka,2015,1
26,Osaka,18,Yamanashi,2015,1
25,Kyoto,16,Ishikawa,2015,1
16,Ishikawa,11,Chiba,2015,1
21,Shizuoka,18,Yamanashi,2015,1
21,Shizuoka,26,Osaka,2015,1
25,Kyoto,28,Nara,2015,1
28,Nara,12,Tokyo,2015,1
33,Hiroshima,22,Aichi,2015,1
12,Tokyo,15,Toyama,2015,1
15,Toyama,25,Kyoto,2015,1
13,Kanagawa,21,Shizuoka,2015,1
18,Yamanashi,22,Aichi,2015,1
18,Yamanashi,24,Shiga,2015,1
24,Shiga,25,Kyoto,2015,1
28,Nara,26,Osaka,2015,1
18,Yamanashi,45,Kagoshima,2015,1
45,Kagoshima,22,Aichi,2015,1
22,Aichi,28,Nara,2015,1
13,Kanagawa,20,Gihu,2015,1
20,Gihu,22,Aichi,2015,1
21,Shizuoka,29,Wakayama,2015,1
22,Aichi,26,Osaka,2015,1
13,Kanagawa,25,Kyoto,2015,1
26,Osaka,43,Oita,2015,5
39,Fukuoka,12,Tokyo,2015,5
14,Niigata,16,Ishikawa,2015,1
15,Toyama,16,Ishikawa,2015,1
16,Ishikawa,17,Fukui,2015,1
17,Fukui,26,Osaka,2015,1
15,Toyama,21,Shizuoka,2015,1
15,Toyama,27,Hyogo,2015,1
21,Shizuoka,8,Tochigi,2015,1
12,Tokyo,19,Nagano,2015,1
19,Nagano,16,Ishikawa,2015,1
16,Ishikawa,26,Osaka,2015,1
26,Osaka,29,Wakayama,2015,1
29,Wakayama,21,Shizuoka,2015,1
19,Nagano,21,Shizuoka,2015,1
19,Nagano,22,Aichi,2015,1
22,Aichi,20,Gihu,2015,1
20,Gihu,16,Ishikawa,2015,1
25,Kyoto,25,Kyoto,2015,1
27,Hyogo,26,Osaka,2015,1
25,Kyoto,14,Niigata,2015,1
14,Niigata,6,Fukushima,2015,3
6,Fukushima,9,Gunma,2015,1
9,Gunma,13,Kanagawa,2015,1
16,Ishikawa,20,Gihu,2015,1
20,Gihu,19,Nagano,2015,1
26,Osaka,19,Nagano,2015,1
27,Hyogo,25,Kyoto,2015,1
26,Osaka,32,Okayama,2015,1
32,Okayama,25,Kyoto,2015,1
12,Tokyo,27,Hyogo,2015,1
27,Hyogo,42,Kumamoto,2015,5
42,Kumamoto,32,Okayama,2015,1
39,Fukuoka,39,Fukuoka,2015,5
12,Tokyo,37,Ehime,2015,4
37,Ehime,25,Kyoto,2015,1
12,Tokyo,38,Kochi,2015,1
13,Kanagawa,0,Hokkaido,2015,0
12,Tokyo,41,Nagasaki,2015,1
41,Nagasaki,39,Fukuoka,2015,5
39,Fukuoka,25,Kyoto,2015,1
22,Aichi,42,Kumamoto,2015,5
42,Kumamoto,43,Oita,2015,5
21,Shizuoka,46,Okinawa,2015,1
46,Okinawa,27,Hyogo,2015,1
28,Nara,11,Chiba,2015,1
13,Kanagawa,7,Ibaraki,2015,1
11,Chiba,15,Toyama,2015,1
25,Kyoto,13,Kanagawa,2015,1
15,Toyama,28,Nara,2015,1
28,Nara,20,Gihu,2015,1
11,Chiba,16,Ishikawa,2015,1
16,Ishikawa,15,Toyama,2015,1
15,Toyama,12,Tokyo,2015,1
15,Toyama,20,Gihu,2015,1
19,Nagano,19,Nagano,2015,1
11,Chiba,1,Aomori,2015,3
19,Nagano,9,Gunma,2015,1
19,Nagano,15,Toyama,2015,1
16,Ishikawa,19,Nagano,2015,1
19,Nagano,18,Yamanashi,2015,1
19,Nagano,8,Tochigi,2015,1
11,Chiba,20,Gihu,2015,1
25,Kyoto,29,Wakayama,2015,1
29,Wakayama,33,Hiroshima,2015,1
21,Shizuoka,19,Nagano,2015,1
18,Yamanashi,19,Nagano,2015,1
21,Shizuoka,6,Fukushima,2015,3
21,Shizuoka,7,Ibaraki,2015,1
11,Chiba,22,Aichi,2015,1
22,Aichi,22,Aichi,2015,1
28,Nara,27,Hyogo,2015,1
11,Chiba,23,Mie,2015,1
23,Mie,11,Chiba,2015,1
23,Mie,21,Shizuoka,2015,1
26,Osaka,13,Kanagawa,2015,1
33,Hiroshima,33,Hiroshima,2015,1
33,Hiroshima,21,Shizuoka,2015,1
41,Nagasaki,43,Oita,2015,5
43,Oita,28,Nara,2015,1
13,Kanagawa,28,Nara,2015,1
25,Kyoto,15,Toyama,2015,1
15,Toyama,32,Okayama,2015,1
25,Kyoto,18,Yamanashi,2015,1
33,Hiroshima,13,Kanagawa,2015,1
28,Nara,29,Wakayama,2015,1
29,Wakayama,29,Wakayama,2015,1
29,Wakayama,28,Nara,2015,1
28,Nara,28,Nara,2015,1
28,Nara,0,Hokkaido,2015,0
11,Chiba,27,Hyogo,2015,1
20,Gihu,11,Chiba,2015,1
11,Chiba,28,Nara,2015,1
28,Nara,32,Okayama,2015,1
11,Chiba,2,Iwate,2015,1
11,Chiba,29,Wakayama,2015,1
29,Wakayama,26,Osaka,2015,1
11,Chiba,33,Hiroshima,2015,1
33,Hiroshima,46,Okinawa,2015,1
46,Okinawa,12,Tokyo,2015,1
11,Chiba,36,Kagawa,2015,1
11,Chiba,3,Miyagi,2015,3
3,Miyagi,1,Aomori,2015,3
3,Miyagi,29,Wakayama,2015,3
3,Miyagi,4,Akita,2015,3
4,Akita,13,Kanagawa,2015,3
11,Chiba,39,Fukuoka,2015,5
11,Chiba,42,Kumamoto,2015,5
42,Kumamoto,33,Hiroshima,2015,1
33,Hiroshima,34,Yamaguchi,2015,5
34,Yamaguchi,12,Tokyo,2015,1
11,Chiba,43,Oita,2015,5
43,Oita,43,Oita,2015,5
43,Oita,6,Fukushima,2015,3
11,Chiba,45,Kagoshima,2015,8
45,Kagoshima,18,Yamanashi,2015,8
11,Chiba,46,Okinawa,2015,1
11,Chiba,5,Yamagata,2015,1
5,Yamagata,25,Kyoto,2015,1
12,Tokyo,5,Yamagata,2015,3
11,Chiba,6,Fukushima,2015,1
6,Fukushima,11,Chiba,2015,1
6,Fukushima,27,Hyogo,2015,1
11,Chiba,7,Ibaraki,2015,1
7,Ibaraki,21,Shizuoka,2015,1
8,Tochigi,25,Kyoto,2015,1
25,Kyoto,34,Yamaguchi,2015,1
8,Tochigi,7,Ibaraki,2015,1
101,Narita_airport,12,Tokyo,2015,1
1,Aomori,41,Nagasaki,2015,1
41,Nagasaki,13,Kanagawa,2015,1
0,Hokkaido,27,Hyogo,2015,1
27,Hyogo,33,Hiroshima,2015,1
33,Hiroshima,19,Nagano,2015,1
39,Fukuoka,22,Aichi,2015,5
14,Niigata,9,Gunma,2015,1
12,Tokyo,20,Gihu,2015,1
33,Hiroshima,25,Kyoto,2015,1
39,Fukuoka,28,Nara,2015,1
27,Hyogo,39,Fukuoka,2015,5
13,Kanagawa,8,Tochigi,2015,1
16,Ishikawa,13,Kanagawa,2015,1
16,Ishikawa,16,Ishikawa,2015,1
25,Kyoto,23,Mie,2015,1
23,Mie,12,Tokyo,2015,1
1,Aomori,0,Hokkaido,2015,0
0,Hokkaido,19,Nagano,2015,1
19,Nagano,25,Kyoto,2015,1
0,Hokkaido,41,Nagasaki,2015,5
19,Nagano,28,Nara,2015,1
28,Nara,13,Kanagawa,2015,1
33,Hiroshima,42,Kumamoto,2015,5
42,Kumamoto,42,Kumamoto,2015,5
42,Kumamoto,8,Tochigi,2015,1
8,Tochigi,13,Kanagawa,2015,1
9,Gunma,7,Ibaraki,2015,1
15,Toyama,14,Niigata,2015,1
10,Saitama,24,Shiga,2015,1
24,Shiga,22,Aichi,2015,1
26,Osaka,20,Gihu,2015,1
14,Niigata,18,Yamanashi,2015,1
14,Niigata,4,Akita,2015,3
4,Akita,1,Aomori,2015,3
15,Toyama,26,Osaka,2015,1
8,Tochigi,21,Shizuoka,2015,1
8,Tochigi,26,Osaka,2015,1
33,Hiroshima,11,Chiba,2015,1
12,Tokyo,46,Okinawa,2015,1
46,Okinawa,25,Kyoto,2015,1
28,Nara,16,Ishikawa,2015,1
28,Nara,33,Hiroshima,2015,1
21,Shizuoka,20,Gihu,2015,1
33,Hiroshima,27,Hyogo,2015,1
25,Kyoto,0,Hokkaido,2015,0
0,Hokkaido,42,Kumamoto,2015,5
42,Kumamoto,12,Tokyo,2015,1
18,Yamanashi,46,Okinawa,2015,1
46,Okinawa,46,Okinawa,2015,9
33,Hiroshima,32,Okayama,2015,1
32,Okayama,28,Nara,2015,1
19,Nagano,13,Kanagawa,2015,1
25,Kyoto,20,Gihu,2015,1
20,Gihu,33,Hiroshima,2015,1
3,Miyagi,26,Osaka,2015,1
12,Tokyo,1,Aomori,2015,3
27,Hyogo,29,Wakayama,2015,1
21,Shizuoka,23,Mie,2015,1
23,Mie,33,Hiroshima,2015,1
33,Hiroshima,8,Tochigi,2015,1
13,Kanagawa,29,Wakayama,2015,1
29,Wakayama,20,Gihu,2015,1
13,Kanagawa,39,Fukuoka,2015,5
14,Niigata,11,Chiba,2015,1
15,Toyama,15,Toyama,2015,1
18,Yamanashi,9,Gunma,2015,1
18,Yamanashi,8,Tochigi,2015,1
1,Aomori,26,Osaka,2015,1
26,Osaka,0,Hokkaido,2015,0
13,Kanagawa,1,Aomori,2015,3
19,Nagano,14,Niigata,2015,1
21,Shizuoka,10,Saitama,2015,1
21,Shizuoka,24,Shiga,2015,1
25,Kyoto,8,Tochigi,2015,1
8,Tochigi,0,Hokkaido,2015,0
21,Shizuoka,28,Nara,2015,1
39,Fukuoka,33,Hiroshima,2015,5
22,Aichi,33,Hiroshima,2015,1
27,Hyogo,28,Nara,2015,1
25,Kyoto,45,Kagoshima,2015,1
45,Kagoshima,33,Hiroshima,2015,1
27,Hyogo,45,Kagoshima,2015,8
32,Okayama,35,Tokushima,2015,4
26,Osaka,7,Ibaraki,2015,1
12,Tokyo,29,Wakayama,2015,1
33,Hiroshima,29,Wakayama,2015,1
29,Wakayama,25,Kyoto,2015,1
20,Gihu,13,Kanagawa,2015,1
12,Tokyo,43,Oita,2015,5
43,Oita,9,Gunma,2015,5
12,Tokyo,6,Fukushima,2015,1
25,Kyoto,36,Kagawa,2015,1
36,Kagawa,36,Kagawa,2015,4
36,Kagawa,26,Osaka,2015,1
8,Tochigi,16,Ishikawa,2015,1
13,Kanagawa,9,Gunma,2015,1
7,Ibaraki,15,Toyama,2015,1
14,Niigata,12,Tokyo,2015,1
41,Nagasaki,25,Kyoto,2015,1
13,Kanagawa,23,Mie,2015,1
23,Mie,25,Kyoto,2015,1
13,Kanagawa,14,Niigata,2015,1
13,Kanagawa,15,Toyama,2015,1
15,Toyama,46,Okinawa,2015,1
18,Yamanashi,0,Hokkaido,2015,0
33,Hiroshima,36,Kagawa,2015,4
36,Kagawa,8,Tochigi,2015,1
18,Yamanashi,28,Nara,2015,1
36,Kagawa,31,Shimane,2015,2
31,Shimane,26,Osaka,2015,2
41,Nagasaki,3,Miyagi,2015,3
3,Miyagi,33,Hiroshima,2015,3
19,Nagano,26,Osaka,2015,1
16,Ishikawa,32,Okayama,2015,1
9,Gunma,20,Gihu,2015,1
20,Gihu,20,Gihu,2015,1
20,Gihu,24,Shiga,2015,1
24,Shiga,33,Hiroshima,2015,1
20,Gihu,29,Wakayama,2015,1
13,Kanagawa,36,Kagawa,2015,1
16,Ishikawa,22,Aichi,2015,1
29,Wakayama,27,Hyogo,2015,1
27,Hyogo,27,Hyogo,2015,1
22,Aichi,23,Mie,2015,1
23,Mie,26,Osaka,2015,1
13,Kanagawa,24,Shiga,2015,1
24,Shiga,26,Osaka,2015,1
32,Okayama,27,Hyogo,2015,1
27,Hyogo,20,Gihu,2015,1
13,Kanagawa,32,Okayama,2015,1
32,Okayama,46,Okinawa,2015,1
46,Okinawa,33,Hiroshima,2015,1
28,Nara,46,Okinawa,2015,1
29,Wakayama,12,Tokyo,2015,1
36,Kagawa,20,Gihu,2015,1
36,Kagawa,33,Hiroshima,2015,1
33,Hiroshima,45,Kagoshima,2015,8
45,Kagoshima,42,Kumamoto,2015,8
42,Kumamoto,39,Fukuoka,2015,5
41,Nagasaki,41,Nagasaki,2015,5
25,Kyoto,46,Okinawa,2015,1
46,Okinawa,26,Osaka,2015,1
13,Kanagawa,27,Hyogo,2015,1
29,Wakayama,13,Kanagawa,2015,1
13,Kanagawa,31,Shimane,2015,2
31,Shimane,31,Shimane,2015,2
31,Shimane,32,Okayama,2015,2
13,Kanagawa,33,Hiroshima,2015,1
32,Okayama,26,Osaka,2015,1
39,Fukuoka,26,Osaka,2015,1
13,Kanagawa,41,Nagasaki,2015,1
41,Nagasaki,12,Tokyo,2015,1
13,Kanagawa,45,Kagoshima,2015,1
13,Kanagawa,46,Okinawa,2015,1
13,Kanagawa,5,Yamagata,2015,3
13,Kanagawa,6,Fukushima,2015,1
22,Aichi,3,Miyagi,2015,3
14,Niigata,22,Aichi,2015,1
14,Niigata,25,Kyoto,2015,1
14,Niigata,26,Osaka,2015,1
14,Niigata,27,Hyogo,2015,1
27,Hyogo,30,Tottori,2015,2
14,Niigata,5,Yamagata,2015,3
15,Toyama,11,Chiba,2015,1
20,Gihu,15,Toyama,2015,1
15,Toyama,24,Shiga,2015,1
24,Shiga,21,Shizuoka,2015,1
15,Toyama,22,Aichi,2015,1
22,Aichi,15,Toyama,2015,1
15,Toyama,33,Hiroshima,2015,1
42,Kumamoto,3,Miyagi,2015,10
3,Miyagi,42,Kumamoto,2015,10
17,Fukui,28,Nara,2015,1
25,Kyoto,42,Kumamoto,2015,5
42,Kumamoto,45,Kagoshima,2015,8
45,Kagoshima,45,Kagoshima,2015,8
45,Kagoshima,39,Fukuoka,2015,8
16,Ishikawa,21,Shizuoka,2015,1
28,Nara,8,Tochigi,2015,1
16,Ishikawa,28,Nara,2015,1
16,Ishikawa,41,Nagasaki,2015,11
41,Nagasaki,20,Gihu,2015,11
20,Gihu,14,Niigata,2015,11
12,Tokyo,17,Fukui,2015,1
17,Fukui,12,Tokyo,2015,1
17,Fukui,18,Yamanashi,2015,1
17,Fukui,25,Kyoto,2015,1
25,Kyoto,17,Fukui,2015,1
17,Fukui,33,Hiroshima,2015,1
33,Hiroshima,28,Nara,2015,1
12,Tokyo,42,Kumamoto,2015,5
42,Kumamoto,44,Miyazaki,2015,8
25,Kyoto,19,Nagano,2015,1
9,Gunma,29,Wakayama,2015,1
29,Wakayama,42,Kumamoto,2015,5
42,Kumamoto,26,Osaka,2015,1
18,Yamanashi,15,Toyama,2015,1
18,Yamanashi,16,Ishikawa,2015,1
18,Yamanashi,1,Aomori,2015,3
4,Akita,2,Iwate,2015,3
2,Iwate,3,Miyagi,2015,3
17,Fukui,20,Gihu,2015,1
22,Aichi,24,Shiga,2015,1
27,Hyogo,36,Kagawa,2015,1
22,Aichi,11,Chiba,2015,1
18,Yamanashi,27,Hyogo,2015,1
18,Yamanashi,29,Wakayama,2015,1
29,Wakayama,22,Aichi,2015,1
18,Yamanashi,3,Miyagi,2015,3
18,Yamanashi,7,Ibaraki,2015,1
0,Hokkaido,32,Okayama,2015,4
35,Tokushima,26,Osaka,2015,4
1,Aomori,11,Chiba,2015,3
1,Aomori,16,Ishikawa,2015,3
1,Aomori,1,Aomori,2015,3
4,Akita,3,Miyagi,2015,3
26,Osaka,37,Ehime,2015,4
37,Ehime,19,Nagano,2015,4
1,Aomori,2,Iwate,2015,3
19,Nagano,10,Saitama,2015,1
45,Kagoshima,12,Tokyo,2015,1
15,Toyama,19,Nagano,2015,1
16,Ishikawa,27,Hyogo,2015,1
27,Hyogo,32,Okayama,2015,1
19,Nagano,33,Hiroshima,2015,1
27,Hyogo,16,Ishikawa,2015,1
33,Hiroshima,43,Oita,2015,5
43,Oita,12,Tokyo,2015,5
20,Gihu,32,Okayama,2015,1
33,Hiroshima,37,Ehime,2015,4
37,Ehime,32,Okayama,2015,4
19,Nagano,23,Mie,2015,1
23,Mie,22,Aichi,2015,1
36,Kagawa,16,Ishikawa,2015,1
19,Nagano,27,Hyogo,2015,1
27,Hyogo,18,Yamanashi,2015,1
43,Oita,45,Kagoshima,2015,8
20,Gihu,18,Yamanashi,2015,1
19,Nagano,3,Miyagi,2015,3
16,Ishikawa,29,Wakayama,2015,1
39,Fukuoka,43,Oita,2015,5
24,Shiga,16,Ishikawa,2015,1
26,Osaka,8,Tochigi,2015,1
8,Tochigi,33,Hiroshima,2015,1
29,Wakayama,16,Ishikawa,2015,1
29,Wakayama,24,Shiga,2015,1
24,Shiga,12,Tokyo,2015,1
43,Oita,41,Nagasaki,2015,5
43,Oita,42,Kumamoto,2015,5
25,Kyoto,31,Shimane,2015,2
31,Shimane,33,Hiroshima,2015,2
21,Shizuoka,15,Toyama,2015,1
21,Shizuoka,16,Ishikawa,2015,1
36,Kagawa,25,Kyoto,2015,1
21,Shizuoka,14,Niigata,2015,1
23,Mie,29,Wakayama,2015,1
22,Aichi,16,Ishikawa,2015,1
22,Aichi,19,Nagano,2015,1
23,Mie,28,Nara,2015,1
32,Okayama,20,Gihu,2015,1
45,Kagoshima,46,Okinawa,2015,1
32,Okayama,12,Tokyo,2015,1
21,Shizuoka,27,Hyogo,2015,1
39,Fukuoka,42,Kumamoto,2015,5
42,Kumamoto,41,Nagasaki,2015,5
41,Nagasaki,22,Aichi,2015,1
21,Shizuoka,32,Okayama,2015,1
21,Shizuoka,33,Hiroshima,2015,1
41,Nagasaki,42,Kumamoto,2015,5
21,Shizuoka,3,Miyagi,2015,3
21,Shizuoka,45,Kagoshima,2015,1
21,Shizuoka,5,Yamagata,2015,3
5,Yamagata,12,Tokyo,2015,3
22,Aichi,0,Hokkaido,2015,0
22,Aichi,10,Saitama,2015,1
22,Aichi,14,Niigata,2015,1
16,Ishikawa,24,Shiga,2015,1
46,Okinawa,11,Chiba,2015,1
28,Nara,21,Shizuoka,2015,1
27,Hyogo,11,Chiba,2015,1
43,Oita,33,Hiroshima,2015,5
25,Kyoto,3,Miyagi,2015,3
22,Aichi,34,Yamaguchi,2015,1
34,Yamaguchi,22,Aichi,2015,1
34,Yamaguchi,25,Kyoto,2015,1
22,Aichi,5,Yamagata,2015,12
5,Yamagata,22,Aichi,2015,12
22,Aichi,7,Ibaraki,2015,1
23,Mie,27,Hyogo,2015,1
12,Tokyo,24,Shiga,2015,1
24,Shiga,19,Nagano,2015,1
24,Shiga,28,Nara,2015,1
0,Hokkaido,45,Kagoshima,2015,8
27,Hyogo,0,Hokkaido,2015,0
16,Ishikawa,8,Tochigi,2015,1
19,Nagano,0,Hokkaido,2015,0
33,Hiroshima,16,Ishikawa,2015,1
45,Kagoshima,26,Osaka,2015,1
22,Aichi,36,Kagawa,2015,1
36,Kagawa,28,Nara,2015,1
25,Kyoto,10,Saitama,2015,1
26,Osaka,46,Okinawa,2015,1
26,Osaka,15,Toyama,2015,1
20,Gihu,37,Ehime,2015,4
28,Nara,37,Ehime,2015,4
37,Ehime,20,Gihu,2015,1
33,Hiroshima,18,Yamanashi,2015,1
33,Hiroshima,31,Shimane,2015,2
42,Kumamoto,27,Hyogo,2015,1
27,Hyogo,22,Aichi,2015,1
46,Okinawa,0,Hokkaido,2015,0
27,Hyogo,46,Okinawa,2015,9
8,Tochigi,28,Nara,2015,1
27,Hyogo,19,Nagano,2015,1
27,Hyogo,41,Nagasaki,2015,1
41,Nagasaki,33,Hiroshima,2015,1
28,Nara,9,Gunma,2015,1
28,Nara,19,Nagano,2015,1
28,Nara,23,Mie,2015,1
20,Gihu,21,Shizuoka,2015,1
35,Tokushima,43,Oita,2015,4
37,Ehime,33,Hiroshima,2015,4
27,Hyogo,43,Oita,2015,5
43,Oita,32,Okayama,2015,4
28,Nara,36,Kagawa,2015,4
36,Kagawa,42,Kumamoto,2015,8
28,Nara,3,Miyagi,2015,3
28,Nara,44,Miyazaki,2015,1
44,Miyazaki,26,Osaka,2015,1
26,Osaka,36,Kagawa,2015,1
36,Kagawa,3,Miyagi,2015,4
25,Kyoto,30,Tottori,2015,1
32,Okayama,29,Wakayama,2015,1
32,Okayama,36,Kagawa,2015,4
33,Hiroshima,0,Hokkaido,2015,0
16,Ishikawa,36,Kagawa,2015,1
16,Ishikawa,37,Ehime,2015,4
33,Hiroshima,3,Miyagi,2015,3
41,Nagasaki,19,Nagano,2015,1
43,Oita,27,Hyogo,2015,1
45,Kagoshima,41,Nagasaki,2015,5
41,Nagasaki,34,Yamaguchi,2015,5
3,Miyagi,0,Hokkaido,2015,0
34,Yamaguchi,34,Yamaguchi,2015,5
25,Kyoto,35,Tokushima,2015,4
35,Tokushima,12,Tokyo,2015,4
36,Kagawa,12,Tokyo,2015,1
36,Kagawa,13,Kanagawa,2015,1
36,Kagawa,27,Hyogo,2015,1
36,Kagawa,29,Wakayama,2015,1
41,Nagasaki,16,Ishikawa,2015,13
16,Ishikawa,45,Kagoshima,2015,13
25,Kyoto,37,Ehime,2015,4
46,Okinawa,16,Ishikawa,2015,1
26,Osaka,9,Gunma,2015,1
39,Fukuoka,4,Akita,2015,3
4,Akita,33,Hiroshima,2015,3
26,Osaka,14,Niigata,2015,1
26,Osaka,24,Shiga,2015,1
27,Hyogo,31,Shimane,2015,2
31,Shimane,42,Kumamoto,2015,5
42,Kumamoto,20,Gihu,2015,1
16,Ishikawa,42,Kumamoto,2015,5
28,Nara,18,Yamanashi,2015,1
27,Hyogo,13,Kanagawa,2015,1
32,Okayama,21,Shizuoka,2015,1
46,Okinawa,45,Kagoshima,2015,8
33,Hiroshima,17,Fukui,2015,1
8,Tochigi,20,Gihu,2015,1
32,Okayama,11,Chiba,2015,1
36,Kagawa,30,Tottori,2015,2
30,Tottori,12,Tokyo,2015,2
32,Okayama,16,Ishikawa,2015,1
26,Osaka,34,Yamaguchi,2015,1
34,Yamaguchi,11,Chiba,2015,1
26,Osaka,3,Miyagi,2015,3
26,Osaka,41,Nagasaki,2015,1
26,Osaka,42,Kumamoto,2015,8
46,Okinawa,28,Nara,2015,1
26,Osaka,6,Fukushima,2015,3
27,Hyogo,10,Saitama,2015,1
27,Hyogo,21,Shizuoka,2015,1
27,Hyogo,6,Fukushima,2015,1
36,Kagawa,11,Chiba,2015,1
26,Osaka,23,Mie,2015,1
28,Nara,42,Kumamoto,2015,5
12,Tokyo,2,Iwate,2015,3
2,Iwate,1,Aomori,2015,3
2,Iwate,19,Nagano,2015,3
2,Iwate,25,Kyoto,2015,1
2,Iwate,2,Iwate,2015,3
2,Iwate,4,Akita,2015,3
4,Akita,28,Nara,2015,1
26,Osaka,1,Aomori,2015,3
29,Wakayama,19,Nagano,2015,1
29,Wakayama,23,Mie,2015,1
37,Ehime,27,Hyogo,2015,1
29,Wakayama,36,Kagawa,2015,1
12,Tokyo,30,Tottori,2015,2
30,Tottori,26,Osaka,2015,1
30,Tottori,30,Tottori,2015,2
12,Tokyo,31,Shimane,2015,2
31,Shimane,12,Tokyo,2015,2
32,Okayama,22,Aichi,2015,1
32,Okayama,32,Okayama,2015,1
33,Hiroshima,38,Kochi,2015,4
38,Kochi,26,Osaka,2015,1
32,Okayama,39,Fukuoka,2015,5
32,Okayama,43,Oita,2015,5
43,Oita,36,Kagawa,2015,4
46,Okinawa,20,Gihu,2015,1
43,Oita,38,Kochi,2015,4
38,Kochi,21,Shizuoka,2015,1
33,Hiroshima,2,Iwate,2015,1
38,Kochi,22,Aichi,2015,1
8,Tochigi,29,Wakayama,2015,1
45,Kagoshima,25,Kyoto,2015,1
12,Tokyo,34,Yamaguchi,2015,1
34,Yamaguchi,9,Gunma,2015,1
34,Yamaguchi,26,Osaka,2015,1
34,Yamaguchi,33,Hiroshima,2015,5
34,Yamaguchi,39,Fukuoka,2015,5
33,Hiroshima,7,Ibaraki,2015,1
12,Tokyo,35,Tokushima,2015,4
35,Tokushima,25,Kyoto,2015,1
35,Tokushima,32,Okayama,2015,4
12,Tokyo,36,Kagawa,2015,1
37,Ehime,24,Shiga,2015,1
37,Ehime,26,Osaka,2015,4
38,Kochi,38,Kochi,2015,4
38,Kochi,12,Tokyo,2015,4
3,Miyagi,13,Kanagawa,2015,1
3,Miyagi,16,Ishikawa,2015,3
3,Miyagi,27,Hyogo,2015,1
3,Miyagi,2,Iwate,2015,3
3,Miyagi,3,Miyagi,2015,3
3,Miyagi,6,Fukushima,2015,3
39,Fukuoka,16,Ishikawa,2015,1
39,Fukuoka,29,Wakayama,2015,1
29,Wakayama,45,Kagoshima,2015,1
36,Kagawa,19,Nagano,2015,1
42,Kumamoto,25,Kyoto,2015,1
43,Oita,40,Saga,2015,5
39,Fukuoka,45,Kagoshima,2015,8
45,Kagoshima,21,Shizuoka,2015,1
12,Tokyo,40,Saga,2015,1
40,Saga,39,Fukuoka,2015,5
43,Oita,25,Kyoto,2015,1
12,Tokyo,44,Miyazaki,2015,1
44,Miyazaki,12,Tokyo,2015,1
44,Miyazaki,18,Yamanashi,2015,1
44,Miyazaki,27,Hyogo,2015,1
12,Tokyo,45,Kagoshima,2015,8
43,Oita,26,Osaka,2015,1
45,Kagoshima,43,Oita,2015,5
45,Kagoshima,44,Miyazaki,2015,8
44,Miyazaki,25,Kyoto,2015,1
12,Tokyo,4,Akita,2015,3
27,Hyogo,37,Ehime,2015,4
37,Ehime,43,Oita,2015,5
46,Okinawa,39,Fukuoka,2015,5
46,Okinawa,41,Nagasaki,2015,5
4,Akita,11,Chiba,2015,3
1,Aomori,5,Yamagata,2015,3
1,Aomori,8,Tochigi,2015,3
8,Tochigi,22,Aichi,2015,1
4,Akita,21,Shizuoka,2015,1
4,Akita,25,Kyoto,2015,1
4,Akita,26,Osaka,2015,1
4,Akita,8,Tochigi,2015,3
5,Yamagata,2,Iwate,2015,3
2,Iwate,22,Aichi,2015,1
6,Fukushima,13,Kanagawa,2015,1
6,Fukushima,19,Nagano,2015,1
6,Fukushima,22,Aichi,2015,1
22,Aichi,39,Fukuoka,2015,5
7,Ibaraki,9,Gunma,2015,1
7,Ibaraki,13,Kanagawa,2015,1
7,Ibaraki,18,Yamanashi,2015,1
7,Ibaraki,1,Aomori,2015,3
7,Ibaraki,19,Nagano,2015,1
7,Ibaraki,26,Osaka,2015,1
7,Ibaraki,8,Tochigi,2015,1
20,Gihu,28,Nara,2015,1
8,Tochigi,34,Yamaguchi,2015,1
8,Tochigi,37,Ehime,2015,4
37,Ehime,36,Kagawa,2015,4
8,Tochigi,41,Nagasaki,2015,5
6,Fukushima,3,Miyagi,2015,3
101,Narita_airport,13,Kanagawa,2015,1
18,Yamanashi,6,Fukushima,2015,1
10,Saitama,16,Ishikawa,2015,1
33,Hiroshima,6,Fukushima,2015,1
3,Miyagi,25,Kyoto,2015,1
13,Kanagawa,2,Iwate,2015,3
2,Iwate,12,Tokyo,2015,3
13,Kanagawa,34,Yamaguchi,2015,1
34,Yamaguchi,32,Okayama,2015,1
13,Kanagawa,3,Miyagi,2015,3
3,Miyagi,22,Aichi,2015,3
13,Kanagawa,42,Kumamoto,2015,1
13,Kanagawa,43,Oita,2015,5
101,Narita_airport,14,Niigata,2015,1
11,Chiba,4,Akita,2015,1
14,Niigata,14,Niigata,2015,1
14,Niigata,21,Shizuoka,2015,1
1,Aomori,33,Hiroshima,2015,3
14,Niigata,32,Okayama,2015,1
14,Niigata,8,Tochigi,2015,1
101,Narita_airport,15,Toyama,2015,1
41,Nagasaki,45,Kagoshima,2015,8
15,Toyama,31,Shimane,2015,2
15,Toyama,34,Yamaguchi,2015,1
101,Narita_airport,16,Ishikawa,2015,1
16,Ishikawa,7,Ibaraki,2015,1
101,Narita_airport,17,Fukui,2015,1
17,Fukui,27,Hyogo,2015,1
101,Narita_airport,18,Yamanashi,2015,1
18,Yamanashi,10,Saitama,2015,1
43,Oita,11,Chiba,2015,1
16,Ishikawa,9,Gunma,2015,1
101,Narita_airport,1,Aomori,2015,3
1,Aomori,10,Saitama,2015,3
18,Yamanashi,4,Akita,2015,3
6,Fukushima,8,Tochigi,2015,3
4,Akita,5,Yamagata,2015,3
1,Aomori,6,Fukushima,2015,3
101,Narita_airport,19,Nagano,2015,1
20,Gihu,9,Gunma,2015,1
15,Toyama,9,Gunma,2015,1
19,Nagano,2,Iwate,2015,3
101,Narita_airport,20,Gihu,2015,1
20,Gihu,10,Saitama,2015,1
101,Narita_airport,21,Shizuoka,2015,1
21,Shizuoka,31,Shimane,2015,2
32,Okayama,30,Tottori,2015,2
42,Kumamoto,21,Shizuoka,2015,1
21,Shizuoka,40,Saga,2015,1
40,Saga,12,Tokyo,2015,1
101,Narita_airport,22,Aichi,2015,1
23,Mie,15,Toyama,2015,1
42,Kumamoto,11,Chiba,2015,5
101,Narita_airport,23,Mie,2015,1
101,Narita_airport,24,Shiga,2015,1
24,Shiga,6,Fukushima,2015,3
6,Fukushima,4,Akita,2015,3
14,Niigata,30,Tottori,2015,2
30,Tottori,32,Okayama,2015,2
34,Yamaguchi,20,Gihu,2015,1
20,Gihu,17,Fukui,2015,1
17,Fukui,23,Mie,2015,1
23,Mie,38,Kochi,2015,1
101,Narita_airport,25,Kyoto,2015,1
17,Fukui,13,Kanagawa,2015,1
19,Nagano,29,Wakayama,2015,1
22,Aichi,29,Wakayama,2015,1
43,Oita,44,Miyazaki,2015,5
44,Miyazaki,42,Kumamoto,2015,8
39,Fukuoka,44,Miyazaki,2015,8
9,Gunma,28,Nara,2015,1
27,Hyogo,8,Tochigi,2015,1
3,Miyagi,9,Gunma,2015,1
9,Gunma,27,Hyogo,2015,1
45,Kagoshima,0,Hokkaido,2015,8
101,Narita_airport,26,Osaka,2015,1
0,Hokkaido,46,Okinawa,2015,9
4,Akita,6,Fukushima,2015,3
25,Kyoto,1,Aomori,2015,3
25,Kyoto,9,Gunma,2015,1
30,Tottori,31,Shimane,2015,2
36,Kagawa,32,Okayama,2015,4
25,Kyoto,38,Kochi,2015,1
38,Kochi,33,Hiroshima,2015,1
42,Kumamoto,40,Saga,2015,5
40,Saga,44,Miyazaki,2015,5
44,Miyazaki,39,Fukuoka,2015,5
29,Wakayama,18,Yamanashi,2015,1
26,Osaka,30,Tottori,2015,2
26,Osaka,35,Tokushima,2015,4
35,Tokushima,24,Shiga,2015,1
37,Ehime,21,Shizuoka,2015,1
37,Ehime,35,Tokushima,2015,4
35,Tokushima,36,Kagawa,2015,4
26,Osaka,38,Kochi,2015,4
26,Osaka,4,Akita,2015,3
101,Narita_airport,27,Hyogo,2015,1
27,Hyogo,9,Gunma,2015,1
39,Fukuoka,27,Hyogo,2015,1
101,Narita_airport,28,Nara,2015,1
101,Narita_airport,2,Iwate,2015,3
2,Iwate,0,Hokkaido,2015,0
2,Iwate,10,Saitama,2015,1
2,Iwate,11,Chiba,2015,3
5,Yamagata,6,Fukushima,2015,3
101,Narita_airport,29,Wakayama,2015,1
101,Narita_airport,31,Shimane,2015,2
31,Shimane,34,Yamaguchi,2015,2
34,Yamaguchi,15,Toyama,2015,1
19,Nagano,31,Shimane,2015,2
101,Narita_airport,32,Okayama,2015,1
101,Narita_airport,33,Hiroshima,2015,1
33,Hiroshima,24,Shiga,2015,1
24,Shiga,37,Ehime,2015,4
0,Hokkaido,30,Tottori,2015,0
31,Shimane,25,Kyoto,2015,1
101,Narita_airport,34,Yamaguchi,2015,5
34,Yamaguchi,19,Nagano,2015,1
3,Miyagi,11,Chiba,2015,3
41,Nagasaki,32,Okayama,2015,1
101,Narita_airport,35,Tokushima,2015,4
101,Narita_airport,36,Kagawa,2015,1
36,Kagawa,22,Aichi,2015,1
101,Narita_airport,37,Ehime,2015,4
37,Ehime,37,Ehime,2015,4
101,Narita_airport,38,Kochi,2015,4
38,Kochi,11,Chiba,2015,4
38,Kochi,37,Ehime,2015,4
37,Ehime,17,Fukui,2015,14
17,Fukui,11,Chiba,2015,14
101,Narita_airport,3,Miyagi,2015,3
11,Chiba,37,Ehime,2015,3
3,Miyagi,15,Toyama,2015,3
15,Toyama,2,Iwate,2015,3
2,Iwate,5,Yamagata,2015,3
3,Miyagi,38,Kochi,2015,4
5,Yamagata,5,Yamagata,2015,3
8,Tochigi,3,Miyagi,2015,3
101,Narita_airport,39,Fukuoka,2015,5
39,Fukuoka,0,Hokkaido,2015,0
39,Fukuoka,14,Niigata,2015,1
3,Miyagi,18,Yamanashi,2015,1
39,Fukuoka,34,Yamaguchi,2015,5
39,Fukuoka,36,Kagawa,2015,4
36,Kagawa,37,Ehime,2015,4
37,Ehime,38,Kochi,2015,4
38,Kochi,36,Kagawa,2015,4
31,Shimane,39,Fukuoka,2015,2
36,Kagawa,46,Okinawa,2015,4
41,Nagasaki,27,Hyogo,2015,1
44,Miyazaki,41,Nagasaki,2015,5
44,Miyazaki,44,Miyazaki,2015,8
44,Miyazaki,45,Kagoshima,2015,8
45,Kagoshima,11,Chiba,2015,1
40,Saga,45,Kagoshima,2015,8
39,Fukuoka,46,Okinawa,2015,5
101,Narita_airport,40,Saga,2015,5
40,Saga,25,Kyoto,2015,1
40,Saga,33,Hiroshima,2015,1
40,Saga,42,Kumamoto,2015,5
101,Narita_airport,41,Nagasaki,2015,1
43,Oita,21,Shizuoka,2015,1
101,Narita_airport,42,Kumamoto,2015,5
44,Miyazaki,22,Aichi,2015,1
101,Narita_airport,43,Oita,2015,5
27,Hyogo,23,Mie,2015,1
43,Oita,29,Wakayama,2015,5
39,Fukuoka,40,Saga,2015,5
34,Yamaguchi,42,Kumamoto,2015,5
101,Narita_airport,44,Miyazaki,2015,8
44,Miyazaki,33,Hiroshima,2015,1
101,Narita_airport,45,Kagoshima,2015,8
101,Narita_airport,46,Okinawa,2015,9
46,Okinawa,21,Shizuoka,2015,1
21,Shizuoka,34,Yamaguchi,2015,1
46,Okinawa,38,Kochi,2015,4
16,Ishikawa,5,Yamagata,2015,1
46,Okinawa,13,Kanagawa,2015,1
46,Okinawa,6,Fukushima,2015,3
101,Narita_airport,4,Akita,2015,3
101,Narita_airport,5,Yamagata,2015,3
5,Yamagata,10,Saitama,2015,1
5,Yamagata,4,Akita,2015,3
5,Yamagata,7,Ibaraki,2015,3
101,Narita_airport,6,Fukushima,2015,3
6,Fukushima,10,Saitama,2015,1
22,Aichi,6,Fukushima,2015,3
6,Fukushima,6,Fukushima,2015,3
6,Fukushima,7,Ibaraki,2015,1
101,Narita_airport,7,Ibaraki,2015,1
27,Hyogo,34,Yamaguchi,2015,5
7,Ibaraki,14,Niigata,2015,1
7,Ibaraki,16,Ishikawa,2015,1
7,Ibaraki,17,Fukui,2015,1
7,Ibaraki,22,Aichi,2015,1
7,Ibaraki,25,Kyoto,2015,1
7,Ibaraki,2,Iwate,2015,3
7,Ibaraki,33,Hiroshima,2015,1
33,Hiroshima,44,Miyazaki,2015,1
7,Ibaraki,46,Okinawa,2015,1
7,Ibaraki,6,Fukushima,2015,1
7,Ibaraki,7,Ibaraki,2015,1
101,Narita_airport,8,Tochigi,2015,1
37,Ehime,13,Kanagawa,2015,4
8,Tochigi,14,Niigata,2015,1
8,Tochigi,15,Toyama,2015,1
8,Tochigi,1,Aomori,2015,3
19,Nagano,30,Tottori,2015,1
30,Tottori,33,Hiroshima,2015,1
33,Hiroshima,23,Mie,2015,1
8,Tochigi,5,Yamagata,2015,3
102,Kansai_airport,0,Hokkaido,2015,0
45,Kagoshima,27,Hyogo,2015,1
102,Kansai_airport,9,Gunma,2015,1
28,Nara,24,Shiga,2015,1
102,Kansai_airport,10,Saitama,2015,1
21,Shizuoka,37,Ehime,2015,4
102,Kansai_airport,11,Chiba,2015,1
102,Kansai_airport,12,Tokyo,2015,1
45,Kagoshima,8,Tochigi,2015,1
8,Tochigi,45,Kagoshima,2015,1
102,Kansai_airport,13,Kanagawa,2015,1
102,Kansai_airport,14,Niigata,2015,1
102,Kansai_airport,15,Toyama,2015,1
16,Ishikawa,23,Mie,2015,1
23,Mie,20,Gihu,2015,1
24,Shiga,23,Mie,2015,1
102,Kansai_airport,16,Ishikawa,2015,1
15,Toyama,13,Kanagawa,2015,1
102,Kansai_airport,17,Fukui,2015,1
102,Kansai_airport,18,Yamanashi,2015,1
102,Kansai_airport,19,Nagano,2015,1
102,Kansai_airport,20,Gihu,2015,1
102,Kansai_airport,21,Shizuoka,2015,1
102,Kansai_airport,22,Aichi,2015,1
32,Okayama,31,Shimane,2015,2
102,Kansai_airport,23,Mie,2015,1
23,Mie,16,Ishikawa,2015,1
23,Mie,23,Mie,2015,1
102,Kansai_airport,24,Shiga,2015,1
0,Hokkaido,24,Shiga,2015,0
24,Shiga,13,Kanagawa,2015,1
24,Shiga,24,Shiga,2015,1
24,Shiga,27,Hyogo,2015,1
24,Shiga,29,Wakayama,2015,1
24,Shiga,30,Tottori,2015,1
24,Shiga,8,Tochigi,2015,1
102,Kansai_airport,25,Kyoto,2015,1
9,Gunma,26,Osaka,2015,1
14,Niigata,10,Saitama,2015,1
16,Ishikawa,46,Okinawa,2015,1
17,Fukui,17,Fukui,2015,1
17,Fukui,39,Fukuoka,2015,5
19,Nagano,35,Tokushima,2015,4
23,Mie,13,Kanagawa,2015,1
24,Shiga,3,Miyagi,2015,3
41,Nagasaki,40,Saga,2015,5
39,Fukuoka,21,Shizuoka,2015,1
27,Hyogo,15,Toyama,2015,1
27,Hyogo,7,Ibaraki,2015,1
28,Nara,15,Toyama,2015,1
27,Hyogo,24,Shiga,2015,1
28,Nara,39,Fukuoka,2015,5
30,Tottori,25,Kyoto,2015,1
39,Fukuoka,19,Nagano,2015,1
35,Tokushima,19,Nagano,2015,1
35,Tokushima,38,Kochi,2015,4
45,Kagoshima,15,Toyama,2015,1
25,Kyoto,6,Fukushima,2015,3
4,Akita,0,Hokkaido,2015,0
25,Kyoto,7,Ibaraki,2015,1
102,Kansai_airport,26,Osaka,2015,1
3,Miyagi,39,Fukuoka,2015,5
26,Osaka,17,Fukui,2015,1
17,Fukui,21,Shizuoka,2015,1
28,Nara,38,Kochi,2015,1
16,Ishikawa,39,Fukuoka,2015,5
21,Shizuoka,36,Kagawa,2015,1
22,Aichi,45,Kagoshima,2015,1
22,Aichi,8,Tochigi,2015,1
24,Shiga,36,Kagawa,2015,1
1,Aomori,21,Shizuoka,2015,1
23,Mie,18,Yamanashi,2015,1
43,Oita,13,Kanagawa,2015,1
28,Nara,43,Oita,2015,5
29,Wakayama,43,Oita,2015,5
35,Tokushima,13,Kanagawa,2015,1
39,Fukuoka,11,Chiba,2015,5
25,Kyoto,40,Saga,2015,1
40,Saga,22,Aichi,2015,1
46,Okinawa,18,Yamanashi,2015,1
23,Mie,32,Okayama,2015,1
27,Hyogo,35,Tokushima,2015,4
27,Hyogo,3,Miyagi,2015,3
45,Kagoshima,34,Yamaguchi,2015,8
46,Okinawa,22,Aichi,2015,1
27,Hyogo,44,Miyazaki,2015,1
22,Aichi,1,Aomori,2015,3
25,Kyoto,2,Iwate,2015,1
29,Wakayama,11,Chiba,2015,1
30,Tottori,27,Hyogo,2015,1
29,Wakayama,32,Okayama,2015,1
26,Osaka,31,Shimane,2015,2
35,Tokushima,33,Hiroshima,2015,4
32,Okayama,37,Ehime,2015,4
34,Yamaguchi,36,Kagawa,2015,4
36,Kagawa,6,Fukushima,2015,3
35,Tokushima,27,Hyogo,2015,4
36,Kagawa,35,Tokushima,2015,4
37,Ehime,40,Saga,2015,5
37,Ehime,22,Aichi,2015,4
22,Aichi,37,Ehime,2015,4
36,Kagawa,39,Fukuoka,2015,5
38,Kochi,29,Wakayama,2015,1
40,Saga,26,Osaka,2015,1
39,Fukuoka,8,Tochigi,2015,5
26,Osaka,40,Saga,2015,1
26,Osaka,5,Yamagata,2015,1
5,Yamagata,21,Shizuoka,2015,1
102,Kansai_airport,27,Hyogo,2015,1
16,Ishikawa,0,Hokkaido,2015,0
23,Mie,36,Kagawa,2015,4
27,Hyogo,40,Saga,2015,1
19,Nagano,24,Shiga,2015,15
40,Saga,27,Hyogo,2015,1
27,Hyogo,38,Kochi,2015,1
30,Tottori,36,Kagawa,2015,4
31,Shimane,30,Tottori,2015,2
30,Tottori,17,Fukui,2015,2
35,Tokushima,29,Wakayama,2015,1
32,Okayama,15,Toyama,2015,1
102,Kansai_airport,28,Nara,2015,1
28,Nara,30,Tottori,2015,1
102,Kansai_airport,29,Wakayama,2015,1
29,Wakayama,15,Toyama,2015,1
20,Gihu,27,Hyogo,2015,1
6,Fukushima,29,Wakayama,2015,3
29,Wakayama,35,Tokushima,2015,4
42,Kumamoto,28,Nara,2015,1
102,Kansai_airport,30,Tottori,2015,2
102,Kansai_airport,31,Shimane,2015,2
31,Shimane,28,Nara,2015,2
102,Kansai_airport,32,Okayama,2015,1
32,Okayama,9,Gunma,2015,1
20,Gihu,31,Shimane,2015,2
32,Okayama,34,Yamaguchi,2015,1
32,Okayama,7,Ibaraki,2015,1
102,Kansai_airport,33,Hiroshima,2015,1
31,Shimane,27,Hyogo,2015,2
35,Tokushima,21,Shizuoka,2015,1
102,Kansai_airport,34,Yamaguchi,2015,5
102,Kansai_airport,35,Tokushima,2015,4
35,Tokushima,35,Tokushima,2015,4
38,Kochi,35,Tokushima,2015,4
35,Tokushima,37,Ehime,2015,4
102,Kansai_airport,36,Kagawa,2015,4
38,Kochi,25,Kyoto,2015,1
102,Kansai_airport,37,Ehime,2015,4
39,Fukuoka,31,Shimane,2015,2
36,Kagawa,38,Kochi,2015,4
102,Kansai_airport,38,Kochi,2015,4
38,Kochi,13,Kanagawa,2015,1
38,Kochi,20,Gihu,2015,4
38,Kochi,28,Nara,2015,1
102,Kansai_airport,3,Miyagi,2015,3
4,Akita,16,Ishikawa,2015,1
102,Kansai_airport,39,Fukuoka,2015,5
40,Saga,43,Oita,2015,5
43,Oita,34,Yamaguchi,2015,5
34,Yamaguchi,31,Shimane,2015,2
102,Kansai_airport,42,Kumamoto,2015,8
102,Kansai_airport,43,Oita,2015,5
102,Kansai_airport,45,Kagoshima,2015,8
45,Kagoshima,19,Nagano,2015,15
24,Shiga,43,Oita,2015,15
44,Miyazaki,43,Oita,2015,5
102,Kansai_airport,46,Okinawa,2015,9
102,Kansai_airport,4,Akita,2015,1
4,Akita,27,Hyogo,2015,1
102,Kansai_airport,6,Fukushima,2015,3
102,Kansai_airport,7,Ibaraki,2015,1
7,Ibaraki,41,Nagasaki,2015,1
102,Kansai_airport,8,Tochigi,2015,1
103,Chubu_airport,0,Hokkaido,2015,0
0,Hokkaido,33,Hiroshima,2015,1
103,Chubu_airport,11,Chiba,2015,1
103,Chubu_airport,12,Tokyo,2015,1
103,Chubu_airport,13,Kanagawa,2015,1
103,Chubu_airport,15,Toyama,2015,1
103,Chubu_airport,16,Ishikawa,2015,1
103,Chubu_airport,17,Fukui,2015,1
17,Fukui,16,Ishikawa,2015,1
27,Hyogo,17,Fukui,2015,1
103,Chubu_airport,18,Yamanashi,2015,1
103,Chubu_airport,1,Aomori,2015,3
1,Aomori,38,Kochi,2015,4
103,Chubu_airport,19,Nagano,2015,1
103,Chubu_airport,20,Gihu,2015,1
22,Aichi,17,Fukui,2015,1
20,Gihu,23,Mie,2015,1
20,Gihu,40,Saga,2015,1
40,Saga,16,Ishikawa,2015,1
20,Gihu,42,Kumamoto,2015,5
103,Chubu_airport,21,Shizuoka,2015,1
103,Chubu_airport,22,Aichi,2015,1
15,Toyama,7,Ibaraki,2015,1
17,Fukui,19,Nagano,2015,1
17,Fukui,22,Aichi,2015,1
17,Fukui,43,Oita,2015,5
17,Fukui,24,Shiga,2015,1
15,Toyama,17,Fukui,2015,1
20,Gihu,39,Fukuoka,2015,5
20,Gihu,7,Ibaraki,2015,1
30,Tottori,21,Shizuoka,2015,2
21,Shizuoka,39,Fukuoka,2015,5
20,Gihu,46,Okinawa,2015,1
23,Mie,24,Shiga,2015,1
23,Mie,8,Tochigi,2015,1
24,Shiga,18,Yamanashi,2015,1
27,Hyogo,14,Niigata,2015,1
22,Aichi,31,Shimane,2015,1
22,Aichi,38,Kochi,2015,1
42,Kumamoto,22,Aichi,2015,5
22,Aichi,41,Nagasaki,2015,1
22,Aichi,46,Okinawa,2015,1
103,Chubu_airport,23,Mie,2015,1
23,Mie,19,Nagano,2015,1
24,Shiga,39,Fukuoka,2015,5
36,Kagawa,23,Mie,2015,4
32,Okayama,23,Mie,2015,1
23,Mie,37,Ehime,2015,4
103,Chubu_airport,24,Shiga,2015,1
103,Chubu_airport,25,Kyoto,2015,1
103,Chubu_airport,26,Osaka,2015,1
103,Chubu_airport,27,Hyogo,2015,1
103,Chubu_airport,28,Nara,2015,1
103,Chubu_airport,29,Wakayama,2015,1
103,Chubu_airport,31,Shimane,2015,2
31,Shimane,22,Aichi,2015,2
103,Chubu_airport,32,Okayama,2015,1
103,Chubu_airport,33,Hiroshima,2015,1
103,Chubu_airport,37,Ehime,2015,4
103,Chubu_airport,3,Miyagi,2015,3
103,Chubu_airport,39,Fukuoka,2015,5
39,Fukuoka,20,Gihu,2015,1
103,Chubu_airport,41,Nagasaki,2015,1
103,Chubu_airport,45,Kagoshima,2015,8
103,Chubu_airport,46,Okinawa,2015,9
104,Shinchitose_arport,0,Hokkaido,2015,0
0,Hokkaido,40,Saga,2015,0
40,Saga,0,Hokkaido,2015,0
5,Yamagata,0,Hokkaido,2015,3
22,Aichi,44,Miyazaki,2015,0
104,Shinchitose_arport,10,Saitama,2015,0
104,Shinchitose_arport,11,Chiba,2015,0
104,Shinchitose_arport,12,Tokyo,2015,1
104,Shinchitose_arport,1,Aomori,2015,3
104,Shinchitose_arport,28,Nara,2015,0
104,Shinchitose_arport,3,Miyagi,2015,3
34,Yamaguchi,6,Fukushima,2015,16
6,Fukushima,0,Hokkaido,2015,16
104,Shinchitose_arport,46,Okinawa,2015,9
104,Shinchitose_arport,8,Tochigi,2015,0
105,Asahikawa_airport,0,Hokkaido,2015,0
106,Hakodate_airport,0,Hokkaido,2015,0
107,Aomori_airport,1,Aomori,2015,3
107,Aomori_airport,39,Fukuoka,2015,17
39,Fukuoka,1,Aomori,2015,17
107,Aomori_airport,43,Oita,2015,5
43,Oita,0,Hokkaido,2015,0
107,Aomori_airport,4,Akita,2015,3
108,Sendai_airport,0,Hokkaido,2015,3
108,Sendai_airport,12,Tokyo,2015,1
108,Sendai_airport,13,Kanagawa,2015,1
108,Sendai_airport,1,Aomori,2015,3
108,Sendai_airport,21,Shizuoka,2015,1
108,Sendai_airport,2,Iwate,2015,3
108,Sendai_airport,3,Miyagi,2015,3
3,Miyagi,23,Mie,2015,3
3,Miyagi,37,Ehime,2015,3
37,Ehime,3,Miyagi,2015,3
5,Yamagata,3,Miyagi,2015,3
6,Fukushima,14,Niigata,2015,3
19,Nagano,4,Akita,2015,3
108,Sendai_airport,39,Fukuoka,2015,8
108,Sendai_airport,43,Oita,2015,3
43,Oita,1,Aomori,2015,3
108,Sendai_airport,44,Miyazaki,2015,3
44,Miyazaki,2,Iwate,2015,3
108,Sendai_airport,4,Akita,2015,3
108,Sendai_airport,5,Yamagata,2015,3
6,Fukushima,2,Iwate,2015,3
108,Sendai_airport,6,Fukushima,2015,3
6,Fukushima,5,Yamagata,2015,3
108,Sendai_airport,7,Ibaraki,2015,1
109,Akita_airport,1,Aomori,2015,3
109,Akita_airport,4,Akita,2015,3
110,Ibaraki_irport,10,Saitama,2015,1
110,Ibaraki_irport,11,Chiba,2015,1
110,Ibaraki_irport,12,Tokyo,2015,1
36,Kagawa,18,Yamanashi,2015,1
110,Ibaraki_irport,13,Kanagawa,2015,1
110,Ibaraki_irport,18,Yamanashi,2015,1
110,Ibaraki_irport,20,Gihu,2015,1
110,Ibaraki_irport,22,Aichi,2015,1
110,Ibaraki_irport,25,Kyoto,2015,1
110,Ibaraki_irport,26,Osaka,2015,1
110,Ibaraki_irport,28,Nara,2015,1
110,Ibaraki_irport,2,Iwate,2015,3
110,Ibaraki_irport,42,Kumamoto,2015,0
42,Kumamoto,0,Hokkaido,2015,0
110,Ibaraki_irport,4,Akita,2015,18
4,Akita,7,Ibaraki,2015,18
110,Ibaraki_irport,6,Fukushima,2015,3
110,Ibaraki_irport,7,Ibaraki,2015,1
7,Ibaraki,5,Yamagata,2015,3
111,Haneda_airport,0,Hokkaido,2015,0
0,Hokkaido,9,Gunma,2015,1
0,Hokkaido,20,Gihu,2015,1
0,Hokkaido,43,Oita,2015,5
0,Hokkaido,5,Yamagata,2015,3
111,Haneda_airport,9,Gunma,2015,1
9,Gunma,14,Niigata,2015,1
111,Haneda_airport,10,Saitama,2015,1
15,Toyama,10,Saitama,2015,1
10,Saitama,1,Aomori,2015,3
10,Saitama,27,Hyogo,2015,1
39,Fukuoka,3,Miyagi,2015,3
10,Saitama,4,Akita,2015,3
111,Haneda_airport,11,Chiba,2015,1
28,Nara,34,Yamaguchi,2015,5
19,Nagano,34,Yamaguchi,2015,1
34,Yamaguchi,27,Hyogo,2015,1
111,Haneda_airport,12,Tokyo,2015,1
3,Miyagi,21,Shizuoka,2015,1
9,Gunma,0,Hokkaido,2015,0
9,Gunma,22,Aichi,2015,1
9,Gunma,46,Okinawa,2015,1
43,Oita,46,Okinawa,2015,5
19,Nagano,7,Ibaraki,2015,1
16,Ishikawa,14,Niigata,2015,1
45,Kagoshima,28,Nara,2015,1
43,Oita,37,Ehime,2015,4
34,Yamaguchi,29,Wakayama,2015,1
14,Niigata,13,Kanagawa,2015,1
15,Toyama,18,Yamanashi,2015,1
17,Fukui,10,Saitama,2015,1
26,Osaka,44,Miyazaki,2015,1
15,Toyama,37,Ehime,2015,4
37,Ehime,16,Ishikawa,2015,1
19,Nagano,32,Okayama,2015,1
21,Shizuoka,17,Fukui,2015,1
21,Shizuoka,44,Miyazaki,2015,1
44,Miyazaki,20,Gihu,2015,1
33,Hiroshima,35,Tokushima,2015,4
9,Gunma,34,Yamaguchi,2015,1
22,Aichi,35,Tokushima,2015,4
28,Nara,4,Akita,2015,3
29,Wakayama,37,Ehime,2015,4
39,Fukuoka,37,Ehime,2015,4
29,Wakayama,2,Iwate,2015,1
37,Ehime,29,Wakayama,2015,1
30,Tottori,41,Nagasaki,2015,5
2,Iwate,18,Yamanashi,2015,1
35,Tokushima,42,Kumamoto,2015,5
37,Ehime,10,Saitama,2015,4
31,Shimane,36,Kagawa,2015,4
6,Fukushima,1,Aomori,2015,3
6,Fukushima,26,Osaka,2015,1
21,Shizuoka,2,Iwate,2015,3
111,Haneda_airport,13,Kanagawa,2015,1
13,Kanagawa,38,Kochi,2015,1
13,Kanagawa,44,Miyazaki,2015,1
44,Miyazaki,13,Kanagawa,2015,1
13,Kanagawa,4,Akita,2015,1
111,Haneda_airport,14,Niigata,2015,1
14,Niigata,3,Miyagi,2015,3
111,Haneda_airport,15,Toyama,2015,1
111,Haneda_airport,16,Ishikawa,2015,1
111,Haneda_airport,17,Fukui,2015,1
111,Haneda_airport,18,Yamanashi,2015,1
111,Haneda_airport,1,Aomori,2015,3
1,Aomori,42,Kumamoto,2015,5
1,Aomori,43,Oita,2015,3
2,Iwate,8,Tochigi,2015,3
111,Haneda_airport,19,Nagano,2015,1
38,Kochi,39,Fukuoka,2015,5
19,Nagano,17,Fukui,2015,1
19,Nagano,5,Yamagata,2015,3
19,Nagano,6,Fukushima,2015,3
111,Haneda_airport,20,Gihu,2015,1
111,Haneda_airport,21,Shizuoka,2015,1
21,Shizuoka,43,Oita,2015,5
111,Haneda_airport,22,Aichi,2015,1
111,Haneda_airport,23,Mie,2015,1
111,Haneda_airport,24,Shiga,2015,15
111,Haneda_airport,25,Kyoto,2015,1
20,Gihu,5,Yamagata,2015,1
111,Haneda_airport,26,Osaka,2015,1
14,Niigata,17,Fukui,2015,1
21,Shizuoka,35,Tokushima,2015,4
37,Ehime,42,Kumamoto,2015,4
45,Kagoshima,40,Saga,2015,5
26,Osaka,45,Kagoshima,2015,1
111,Haneda_airport,27,Hyogo,2015,1
36,Kagawa,41,Nagasaki,2015,1
111,Haneda_airport,28,Nara,2015,1
111,Haneda_airport,2,Iwate,2015,3
111,Haneda_airport,29,Wakayama,2015,1
111,Haneda_airport,31,Shimane,2015,19
31,Shimane,5,Yamagata,2015,19
111,Haneda_airport,32,Okayama,2015,1
111,Haneda_airport,33,Hiroshima,2015,1
111,Haneda_airport,34,Yamaguchi,2015,20
34,Yamaguchi,30,Tottori,2015,20
111,Haneda_airport,35,Tokushima,2015,4
35,Tokushima,3,Miyagi,2015,3
111,Haneda_airport,36,Kagawa,2015,1
111,Haneda_airport,37,Ehime,2015,4
37,Ehime,0,Hokkaido,2015,0
111,Haneda_airport,3,Miyagi,2015,3
3,Miyagi,20,Gihu,2015,3
3,Miyagi,7,Ibaraki,2015,1
111,Haneda_airport,39,Fukuoka,2015,5
40,Saga,36,Kagawa,2015,4
111,Haneda_airport,41,Nagasaki,2015,5
40,Saga,41,Nagasaki,2015,5
111,Haneda_airport,42,Kumamoto,2015,8
111,Haneda_airport,43,Oita,2015,5
111,Haneda_airport,44,Miyazaki,2015,8
111,Haneda_airport,45,Kagoshima,2015,8
111,Haneda_airport,46,Okinawa,2015,9
111,Haneda_airport,4,Akita,2015,3
4,Akita,32,Okayama,2015,1
19,Nagano,42,Kumamoto,2015,1
4,Akita,4,Akita,2015,3
111,Haneda_airport,5,Yamagata,2015,3
5,Yamagata,8,Tochigi,2015,3
8,Tochigi,4,Akita,2015,3
111,Haneda_airport,6,Fukushima,2015,3
111,Haneda_airport,7,Ibaraki,2015,1
111,Haneda_airport,8,Tochigi,2015,1
112,Niigata_airport,0,Hokkaido,2015,0
112,Niigata_airport,9,Gunma,2015,1
112,Niigata_airport,12,Tokyo,2015,1
3,Miyagi,14,Niigata,2015,3
112,Niigata_airport,13,Kanagawa,2015,1
112,Niigata_airport,14,Niigata,2015,1
14,Niigata,0,Hokkaido,2015,0
14,Niigata,34,Yamaguchi,2015,5
5,Yamagata,14,Niigata,2015,3
14,Niigata,39,Fukuoka,2015,5
112,Niigata_airport,16,Ishikawa,2015,1
112,Niigata_airport,17,Fukui,2015,3
17,Fukui,5,Yamagata,2015,3
112,Niigata_airport,18,Yamanashi,2015,1
112,Niigata_airport,1,Aomori,2015,3
112,Niigata_airport,19,Nagano,2015,1
112,Niigata_airport,21,Shizuoka,2015,1
112,Niigata_airport,22,Aichi,2015,1
112,Niigata_airport,26,Osaka,2015,1
112,Niigata_airport,5,Yamagata,2015,3
112,Niigata_airport,6,Fukushima,2015,1
113,Toyama_airport,12,Tokyo,2015,1
113,Toyama_airport,15,Toyama,2015,1
35,Tokushima,15,Toyama,2015,4
15,Toyama,39,Fukuoka,2015,5
113,Toyama_airport,16,Ishikawa,2015,1
113,Toyama_airport,20,Gihu,2015,1
113,Toyama_airport,22,Aichi,2015,1
114,Komatsu_airport,0,Hokkaido,2015,0
114,Komatsu_airport,12,Tokyo,2015,1
114,Komatsu_airport,15,Toyama,2015,1
114,Komatsu_airport,16,Ishikawa,2015,1
17,Fukui,15,Toyama,2015,1
20,Gihu,6,Fukushima,2015,1
114,Komatsu_airport,17,Fukui,2015,1
0,Hokkaido,17,Fukui,2015,0
114,Komatsu_airport,20,Gihu,2015,1
114,Komatsu_airport,22,Aichi,2015,1
114,Komatsu_airport,25,Kyoto,2015,1
114,Komatsu_airport,26,Osaka,2015,1
114,Komatsu_airport,27,Hyogo,2015,1
115,Shizuoka_airport,0,Hokkaido,2015,0
115,Shizuoka_airport,11,Chiba,2015,1
115,Shizuoka_airport,12,Tokyo,2015,1
115,Shizuoka_airport,13,Kanagawa,2015,1
115,Shizuoka_airport,18,Yamanashi,2015,1
115,Shizuoka_airport,19,Nagano,2015,1
115,Shizuoka_airport,21,Shizuoka,2015,1
115,Shizuoka_airport,22,Aichi,2015,1
115,Shizuoka_airport,25,Kyoto,2015,1
115,Shizuoka_airport,26,Osaka,2015,1
115,Shizuoka_airport,39,Fukuoka,2015,5
115,Shizuoka_airport,4,Akita,2015,3
116,Yonago_airport,30,Tottori,2015,2
116,Yonago_airport,31,Shimane,2015,2
116,Yonago_airport,33,Hiroshima,2015,2
117,Okayama_airport,21,Shizuoka,2015,1
117,Okayama_airport,25,Kyoto,2015,1
117,Okayama_airport,26,Osaka,2015,1
117,Okayama_airport,32,Okayama,2015,1
32,Okayama,13,Kanagawa,2015,1
117,Okayama_airport,35,Tokushima,2015,4
117,Okayama_airport,36,Kagawa,2015,4
117,Okayama_airport,46,Okinawa,2015,1
118,Hiroshima_airport,12,Tokyo,2015,1
118,Hiroshima_airport,21,Shizuoka,2015,1
118,Hiroshima_airport,25,Kyoto,2015,1
118,Hiroshima_airport,26,Osaka,2015,1
118,Hiroshima_airport,30,Tottori,2015,2
118,Hiroshima_airport,31,Shimane,2015,2
31,Shimane,37,Ehime,2015,4
118,Hiroshima_airport,32,Okayama,2015,4
32,Okayama,38,Kochi,2015,4
118,Hiroshima_airport,33,Hiroshima,2015,1
33,Hiroshima,14,Niigata,2015,1
33,Hiroshima,30,Tottori,2015,2
20,Gihu,38,Kochi,2015,4
38,Kochi,32,Okayama,2015,4
42,Kumamoto,34,Yamaguchi,2015,5
7,Ibaraki,20,Gihu,2015,1
118,Hiroshima_airport,34,Yamaguchi,2015,5
118,Hiroshima_airport,36,Kagawa,2015,4
118,Hiroshima_airport,37,Ehime,2015,4
118,Hiroshima_airport,39,Fukuoka,2015,5
119,Takamatsu_airport,12,Tokyo,2015,1
119,Takamatsu_airport,22,Aichi,2015,1
119,Takamatsu_airport,25,Kyoto,2015,1
119,Takamatsu_airport,26,Osaka,2015,1
119,Takamatsu_airport,27,Hyogo,2015,1
119,Takamatsu_airport,32,Okayama,2015,4
119,Takamatsu_airport,35,Tokushima,2015,4
119,Takamatsu_airport,36,Kagawa,2015,4
119,Takamatsu_airport,37,Ehime,2015,4
119,Takamatsu_airport,38,Kochi,2015,4
120,Matsuyama_airport,19,Nagano,2015,1
120,Matsuyama_airport,32,Okayama,2015,4
120,Matsuyama_airport,37,Ehime,2015,4
120,Matsuyama_airport,38,Kochi,2015,4
121,Fukuoka_airport,0,Hokkaido,2015,0
121,Fukuoka_airport,11,Chiba,2015,1
121,Fukuoka_airport,12,Tokyo,2015,1
16,Ishikawa,34,Yamaguchi,2015,1
34,Yamaguchi,23,Mie,2015,1
46,Okinawa,43,Oita,2015,5
121,Fukuoka_airport,17,Fukui,2015,5
17,Fukui,42,Kumamoto,2015,5
121,Fukuoka_airport,21,Shizuoka,2015,1
121,Fukuoka_airport,22,Aichi,2015,0
121,Fukuoka_airport,25,Kyoto,2015,1
121,Fukuoka_airport,26,Osaka,2015,1
121,Fukuoka_airport,27,Hyogo,2015,1
121,Fukuoka_airport,32,Okayama,2015,5
121,Fukuoka_airport,33,Hiroshima,2015,1
35,Tokushima,39,Fukuoka,2015,4
121,Fukuoka_airport,34,Yamaguchi,2015,5
34,Yamaguchi,41,Nagasaki,2015,5
34,Yamaguchi,43,Oita,2015,5
121,Fukuoka_airport,37,Ehime,2015,4
121,Fukuoka_airport,3,Miyagi,2015,3
121,Fukuoka_airport,39,Fukuoka,2015,5
39,Fukuoka,10,Saitama,2015,1
37,Ehime,41,Nagasaki,2015,5
39,Fukuoka,17,Fukui,2015,1
39,Fukuoka,18,Yamanashi,2015,1
1,Aomori,14,Niigata,2015,3
39,Fukuoka,32,Okayama,2015,4
34,Yamaguchi,45,Kagoshima,2015,8
40,Saga,34,Yamaguchi,2015,5
40,Saga,40,Saga,2015,5
43,Oita,14,Niigata,2015,5
45,Kagoshima,13,Kanagawa,2015,1
39,Fukuoka,7,Ibaraki,2015,5
121,Fukuoka_airport,40,Saga,2015,5
40,Saga,37,Ehime,2015,4
121,Fukuoka_airport,41,Nagasaki,2015,5
121,Fukuoka_airport,42,Kumamoto,2015,5
39,Fukuoka,6,Fukushima,2015,16
6,Fukushima,39,Fukuoka,2015,16
121,Fukuoka_airport,43,Oita,2015,5
43,Oita,16,Ishikawa,2015,5
43,Oita,22,Aichi,2015,5
121,Fukuoka_airport,44,Miyazaki,2015,8
121,Fukuoka_airport,45,Kagoshima,2015,8
121,Fukuoka_airport,46,Okinawa,2015,9
46,Okinawa,34,Yamaguchi,2015,5
121,Fukuoka_airport,4,Akita,2015,3
121,Fukuoka_airport,5,Yamagata,2015,3
122,Saga_airport,39,Fukuoka,2015,5
122,Saga_airport,40,Saga,2015,5
42,Kumamoto,13,Kanagawa,2015,1
122,Saga_airport,41,Nagasaki,2015,5
122,Saga_airport,42,Kumamoto,2015,5
122,Saga_airport,43,Oita,2015,5
122,Saga_airport,45,Kagoshima,2015,8
123,Nagasaki_airport,33,Hiroshima,2015,1
123,Nagasaki_airport,39,Fukuoka,2015,5
123,Nagasaki_airport,40,Saga,2015,5
123,Nagasaki_airport,41,Nagasaki,2015,5
41,Nagasaki,17,Fukui,2015,5
41,Nagasaki,46,Okinawa,2015,5
123,Nagasaki_airport,42,Kumamoto,2015,5
123,Nagasaki_airport,43,Oita,2015,5
124,Kumamoto_airport,39,Fukuoka,2015,5
124,Kumamoto_airport,41,Nagasaki,2015,5
124,Kumamoto_airport,42,Kumamoto,2015,5
124,Kumamoto_airport,43,Oita,2015,5
124,Kumamoto_airport,44,Miyazaki,2015,8
125,Oita_airport,39,Fukuoka,2015,5
125,Oita_airport,40,Saga,2015,5
125,Oita_airport,42,Kumamoto,2015,5
125,Oita_airport,43,Oita,2015,5
126,Miyazaki_airport,39,Fukuoka,2015,8
126,Miyazaki_airport,41,Nagasaki,2015,5
126,Miyazaki_airport,42,Kumamoto,2015,5
126,Miyazaki_airport,44,Miyazaki,2015,8
41,Nagasaki,44,Miyazaki,2015,5
126,Miyazaki_airport,45,Kagoshima,2015,8
127,Kagoshima_airport,39,Fukuoka,2015,5
127,Kagoshima_airport,41,Nagasaki,2015,5
127,Kagoshima_airport,42,Kumamoto,2015,8
127,Kagoshima_airport,44,Miyazaki,2015,8
127,Kagoshima_airport,45,Kagoshima,2015,8
127,Kagoshima_airport,46,Okinawa,2015,8
128,Naha_airport,0,Hokkaido,2015,0
128,Naha_airport,12,Tokyo,2015,1
128,Naha_airport,13,Kanagawa,2015,1
128,Naha_airport,25,Kyoto,2015,1
128,Naha_airport,36,Kagawa,2015,4
128,Naha_airport,39,Fukuoka,2015,5
128,Naha_airport,46,Okinawa,2015,9
46,Okinawa,44,Miyazaki,2015,9
44,Miyazaki,46,Okinawa,2015,9
129,Ishigaki_airport,46,Okinawa,2015,9
201,Hakata_port,0,Hokkaido,2015,0
201,Hakata_port,12,Tokyo,2015,1
201,Hakata_port,26,Osaka,2015,1
201,Hakata_port,31,Shimane,2015,2
201,Hakata_port,33,Hiroshima,2015,1
201,Hakata_port,34,Yamaguchi,2015,5
201,Hakata_port,39,Fukuoka,2015,5
201,Hakata_port,40,Saga,2015,5
201,Hakata_port,41,Nagasaki,2015,5
201,Hakata_port,42,Kumamoto,2015,5
201,Hakata_port,43,Oita,2015,5
201,Hakata_port,45,Kagoshima,2015,8
201,Hakata_port,46,Okinawa,2015,8
202,Shimonoseki_port,0,Hokkaido,2015,0
1,Aomori,34,Yamaguchi,2015,3
202,Shimonoseki_port,11,Chiba,2015,1
202,Shimonoseki_port,26,Osaka,2015,1
202,Shimonoseki_port,33,Hiroshima,2015,5
202,Shimonoseki_port,34,Yamaguchi,2015,5
202,Shimonoseki_port,3,Miyagi,2015,3
202,Shimonoseki_port,39,Fukuoka,2015,5
202,Shimonoseki_port,40,Saga,2015,5
202,Shimonoseki_port,41,Nagasaki,2015,5
202,Shimonoseki_port,42,Kumamoto,2015,5
202,Shimonoseki_port,43,Oita,2015,5
202,Shimonoseki_port,45,Kagoshima,2015,8
203,Izuhara_port,41,Nagasaki,2015,5
900,Other_ports,0,Hokkaido,2015,0
900,Other_ports,12,Tokyo,2015,1
900,Other_ports,13,Kanagawa,2015,1
900,Other_ports,14,Niigata,2015,1
900,Other_ports,18,Yamanashi,2015,1
900,Other_ports,1,Aomori,2015,3
900,Other_ports,20,Gihu,2015,1
900,Other_ports,22,Aichi,2015,1
900,Other_ports,25,Kyoto,2015,1
900,Other_ports,26,Osaka,2015,1
900,Other_ports,28,Nara,2015,1
900,Other_ports,33,Hiroshima,2015,4
900,Other_ports,34,Yamaguchi,2015,5
900,Other_ports,37,Ehime,2015,4
900,Other_ports,38,Kochi,2015,1
900,Other_ports,39,Fukuoka,2015,5
900,Other_ports,41,Nagasaki,2015,5
900,Other_ports,44,Miyazaki,2015,8
900,Other_ports,45,Kagoshima,2015,1
900,Other_ports,46,Okinawa,2015,1
